match id,dataset_type,win_pred_team_id,win_pred_score,train_algorithm,is_ensemble,train_hps_trees,train_hps_depth,train_hps_lr,indep_feat_id1,indep_feat_id2,indep_feat_id3,indep_feat_id4,indep_feat_id5,indep_feat_id6,indep_feat_id7,indep_feat_id8,indep_feat_id9,indep_feat_id10
9272619,r2,33928,0.633625023629613,catboost,no,30,10,0.10000000149011612,21.46199469428331,19.394031234552422,3.5957926560605316,3.5709572214973164,3.434520864810324,2.9145227607960873,2.8743250247663044,2.816963763382028,2.6757384974719405,2.4611441008552135
9086958,r2,69,0.9261369269313013,catboost,no,30,10,0.10000000149011612,21.46199469428331,19.394031234552422,3.5957926560605316,3.5709572214973164,3.434520864810324,2.9145227607960873,2.8743250247663044,2.816963763382028,2.6757384974719405,2.4611441008552135
9433654,r2,9701,0.8405546711077102,catboost,no,30,10,0.10000000149011612,21.46199469428331,19.394031234552422,3.5957926560605316,3.5709572214973164,3.434520864810324,2.9145227607960873,2.8743250247663044,2.816963763382028,2.6757384974719405,2.4611441008552135
9097248,r2,22763,0.5304956856482859,catboost,no,30,10,0.10000000149011612,21.46199469428331,19.394031234552422,3.5957926560605316,3.5709572214973164,3.434520864810324,2.9145227607960873,2.8743250247663044,2.816963763382028,2.6757384974719405,2.4611441008552135
9097234,r2,23750,0.9407442898714086,catboost,no,30,10,0.10000000149011612,21.46199469428331,19.394031234552422,3.5957926560605316,3.5709572214973164,3.434520864810324,2.9145227607960873,2.8743250247663044,2.816963763382028,2.6757384974719405,2.4611441008552135
9516555,r2,30393,0.8448200348689274,catboost,no,30,10,0.10000000149011612,21.46199469428331,19.394031234552422,3.5957926560605316,3.5709572214973164,3.434520864810324,2.9145227607960873,2.8743250247663044,2.816963763382028,2.6757384974719405,2.4611441008552135
9587129,r2,36098,0.6090473559765828,catboost,no,30,10,0.10000000149011612,21.46199469428331,19.394031234552422,3.5957926560605316,3.5709572214973164,3.434520864810324,2.9145227607960873,2.8743250247663044,2.816963763382028,2.6757384974719405,2.4611441008552135
9615003,r2,27,0.9313353345962755,catboost,no,30,10,0.10000000149011612,21.46199469428331,19.394031234552422,3.5957926560605316,3.5709572214973164,3.434520864810324,2.9145227607960873,2.8743250247663044,2.816963763382028,2.6757384974719405,2.4611441008552135
9185406,r2,30393,0.5629633160435428,catboost,no,30,10,0.10000000149011612,21.46199469428331,19.394031234552422,3.5957926560605316,3.5709572214973164,3.434520864810324,2.9145227607960873,2.8743250247663044,2.816963763382028,2.6757384974719405,2.4611441008552135
9128790,r2,30435,0.9065663259145906,catboost,no,30,10,0.10000000149011612,21.46199469428331,19.394031234552422,3.5957926560605316,3.5709572214973164,3.434520864810324,2.9145227607960873,2.8743250247663044,2.816963763382028,2.6757384974719405,2.4611441008552135
9457657,r2,35790,0.6699213207518925,catboost,no,30,10,0.10000000149011612,21.46199469428331,19.394031234552422,3.5957926560605316,3.5709572214973164,3.434520864810324,2.9145227607960873,2.8743250247663044,2.816963763382028,2.6757384974719405,2.4611441008552135
9837204,r2,202,0.9249215048289691,catboost,no,30,10,0.10000000149011612,21.46199469428331,19.394031234552422,3.5957926560605316,3.5709572214973164,3.434520864810324,2.9145227607960873,2.8743250247663044,2.816963763382028,2.6757384974719405,2.4611441008552135
9272794,r2,33956,0.9528901542723328,catboost,no,30,10,0.10000000149011612,21.46199469428331,19.394031234552422,3.5957926560605316,3.5709572214973164,3.434520864810324,2.9145227607960873,2.8743250247663044,2.816963763382028,2.6757384974719405,2.4611441008552135
9489437,r2,46745,0.8845344100569063,catboost,no,30,10,0.10000000149011612,21.46199469428331,19.394031234552422,3.5957926560605316,3.5709572214973164,3.434520864810324,2.9145227607960873,2.8743250247663044,2.816963763382028,2.6757384974719405,2.4611441008552135
9272535,r2,33914,0.939568711286614,catboost,no,30,10,0.10000000149011612,21.46199469428331,19.394031234552422,3.5957926560605316,3.5709572214973164,3.434520864810324,2.9145227607960873,2.8743250247663044,2.816963763382028,2.6757384974719405,2.4611441008552135
9586982,r2,38814,0.5816421649902963,catboost,no,30,10,0.10000000149011612,21.46199469428331,19.394031234552422,3.5957926560605316,3.5709572214973164,3.434520864810324,2.9145227607960873,2.8743250247663044,2.816963763382028,2.6757384974719405,2.4611441008552135
8844310,r2,69,0.6220113144222876,catboost,no,30,10,0.10000000149011612,21.46199469428331,19.394031234552422,3.5957926560605316,3.5709572214973164,3.434520864810324,2.9145227607960873,2.8743250247663044,2.816963763382028,2.6757384974719405,2.4611441008552135
8797081,r2,41,0.7801051332191158,catboost,no,30,10,0.10000000149011612,21.46199469428331,19.394031234552422,3.5957926560605316,3.5709572214973164,3.434520864810324,2.9145227607960873,2.8743250247663044,2.816963763382028,2.6757384974719405,2.4611441008552135
9084809,r2,7258,0.6859557012978799,catboost,no,30,10,0.10000000149011612,21.46199469428331,19.394031234552422,3.5957926560605316,3.5709572214973164,3.434520864810324,2.9145227607960873,2.8743250247663044,2.816963763382028,2.6757384974719405,2.4611441008552135
9516576,r2,48341,0.8903243351331048,catboost,no,30,10,0.10000000149011612,21.46199469428331,19.394031234552422,3.5957926560605316,3.5709572214973164,3.434520864810324,2.9145227607960873,2.8743250247663044,2.816963763382028,2.6757384974719405,2.4611441008552135
9484488,r2,40550,0.8625595285990098,catboost,no,30,10,0.10000000149011612,21.46199469428331,19.394031234552422,3.5957926560605316,3.5709572214973164,3.434520864810324,2.9145227607960873,2.8743250247663044,2.816963763382028,2.6757384974719405,2.4611441008552135
9250317,r2,251,0.6432445362381305,catboost,no,30,10,0.10000000149011612,21.46199469428331,19.394031234552422,3.5957926560605316,3.5709572214973164,3.434520864810324,2.9145227607960873,2.8743250247663044,2.816963763382028,2.6757384974719405,2.4611441008552135
9097430,r2,23869,0.7477926501622083,catboost,no,30,10,0.10000000149011612,21.46199469428331,19.394031234552422,3.5957926560605316,3.5709572214973164,3.434520864810324,2.9145227607960873,2.8743250247663044,2.816963763382028,2.6757384974719405,2.4611441008552135
9249183,r2,300,0.876365039776932,catboost,no,30,10,0.10000000149011612,21.46199469428331,19.394031234552422,3.5957926560605316,3.5709572214973164,3.434520864810324,2.9145227607960873,2.8743250247663044,2.816963763382028,2.6757384974719405,2.4611441008552135
9433731,r2,9701,0.8778975928770324,catboost,no,30,10,0.10000000149011612,21.46199469428331,19.394031234552422,3.5957926560605316,3.5709572214973164,3.434520864810324,2.9145227607960873,2.8743250247663044,2.816963763382028,2.6757384974719405,2.4611441008552135
9097339,r2,23750,0.7974004903337109,catboost,no,30,10,0.10000000149011612,21.46199469428331,19.394031234552422,3.5957926560605316,3.5709572214973164,3.434520864810324,2.9145227607960873,2.8743250247663044,2.816963763382028,2.6757384974719405,2.4611441008552135
9128818,r2,30435,0.6441931702086836,catboost,no,30,10,0.10000000149011612,21.46199469428331,19.394031234552422,3.5957926560605316,3.5709572214973164,3.434520864810324,2.9145227607960873,2.8743250247663044,2.816963763382028,2.6757384974719405,2.4611441008552135
9084641,r2,9876,0.9303934266479646,catboost,no,30,10,0.10000000149011612,21.46199469428331,19.394031234552422,3.5957926560605316,3.5709572214973164,3.434520864810324,2.9145227607960873,2.8743250247663044,2.816963763382028,2.6757384974719405,2.4611441008552135
9837260,r2,272,0.8709441133439926,catboost,no,30,10,0.10000000149011612,21.46199469428331,19.394031234552422,3.5957926560605316,3.5709572214973164,3.434520864810324,2.9145227607960873,2.8743250247663044,2.816963763382028,2.6757384974719405,2.4611441008552135
9489374,r2,46745,0.6444549789026809,catboost,no,30,10,0.10000000149011612,21.46199469428331,19.394031234552422,3.5957926560605316,3.5709572214973164,3.434520864810324,2.9145227607960873,2.8743250247663044,2.816963763382028,2.6757384974719405,2.4611441008552135
9433661,r2,10618,0.5414319045352036,catboost,no,30,10,0.10000000149011612,21.46199469428331,19.394031234552422,3.5957926560605316,3.5709572214973164,3.434520864810324,2.9145227607960873,2.8743250247663044,2.816963763382028,2.6757384974719405,2.4611441008552135
9684282,r2,13957,0.5673714344804972,catboost,no,30,10,0.10000000149011612,21.46199469428331,19.394031234552422,3.5957926560605316,3.5709572214973164,3.434520864810324,2.9145227607960873,2.8743250247663044,2.816963763382028,2.6757384974719405,2.4611441008552135
9684695,r2,11283,0.9722289090668607,catboost,no,30,10,0.10000000149011612,21.46199469428331,19.394031234552422,3.5957926560605316,3.5709572214973164,3.434520864810324,2.9145227607960873,2.8743250247663044,2.816963763382028,2.6757384974719405,2.4611441008552135
9490060,r2,188,0.929226335685742,catboost,no,30,10,0.10000000149011612,21.46199469428331,19.394031234552422,3.5957926560605316,3.5709572214973164,3.434520864810324,2.9145227607960873,2.8743250247663044,2.816963763382028,2.6757384974719405,2.4611441008552135
9076850,r2,40452,0.56021619771066,catboost,no,30,10,0.10000000149011612,21.46199469428331,19.394031234552422,3.5957926560605316,3.5709572214973164,3.434520864810324,2.9145227607960873,2.8743250247663044,2.816963763382028,2.6757384974719405,2.4611441008552135
9084977,r2,7727,0.9603696223701954,catboost,no,30,10,0.10000000149011612,21.46199469428331,19.394031234552422,3.5957926560605316,3.5709572214973164,3.434520864810324,2.9145227607960873,2.8743250247663044,2.816963763382028,2.6757384974719405,2.4611441008552135
9271674,r2,47508,0.7312151059984673,catboost,no,30,10,0.10000000149011612,21.46199469428331,19.394031234552422,3.5957926560605316,3.5709572214973164,3.434520864810324,2.9145227607960873,2.8743250247663044,2.816963763382028,2.6757384974719405,2.4611441008552135
9094287,r2,46752,0.8065114458826486,catboost,no,30,10,0.10000000149011612,21.46199469428331,19.394031234552422,3.5957926560605316,3.5709572214973164,3.434520864810324,2.9145227607960873,2.8743250247663044,2.816963763382028,2.6757384974719405,2.4611441008552135
9457440,r2,42573,0.8414996513191185,catboost,no,30,10,0.10000000149011612,21.46199469428331,19.394031234552422,3.5957926560605316,3.5709572214973164,3.434520864810324,2.9145227607960873,2.8743250247663044,2.816963763382028,2.6757384974719405,2.4611441008552135
9084928,r2,7573,0.5569034486085538,catboost,no,30,10,0.10000000149011612,21.46199469428331,19.394031234552422,3.5957926560605316,3.5709572214973164,3.434520864810324,2.9145227607960873,2.8743250247663044,2.816963763382028,2.6757384974719405,2.4611441008552135
9484558,r2,40550,0.8852970737108798,catboost,no,30,10,0.10000000149011612,21.46199469428331,19.394031234552422,3.5957926560605316,3.5709572214973164,3.434520864810324,2.9145227607960873,2.8743250247663044,2.816963763382028,2.6757384974719405,2.4611441008552135
9830764,r2,209,0.9662195284407389,catboost,no,30,10,0.10000000149011612,21.46199469428331,19.394031234552422,3.5957926560605316,3.5709572214973164,3.434520864810324,2.9145227607960873,2.8743250247663044,2.816963763382028,2.6757384974719405,2.4611441008552135
9438281,r2,216,0.5763182713419461,catboost,no,30,10,0.10000000149011612,21.46199469428331,19.394031234552422,3.5957926560605316,3.5709572214973164,3.434520864810324,2.9145227607960873,2.8743250247663044,2.816963763382028,2.6757384974719405,2.4611441008552135
8887724,r2,33963,0.8667530714969877,catboost,no,30,10,0.10000000149011612,21.46199469428331,19.394031234552422,3.5957926560605316,3.5709572214973164,3.434520864810324,2.9145227607960873,2.8743250247663044,2.816963763382028,2.6757384974719405,2.4611441008552135
9702755,r2,33928,0.8368484470342354,catboost,no,30,10,0.10000000149011612,21.46199469428331,19.394031234552422,3.5957926560605316,3.5709572214973164,3.434520864810324,2.9145227607960873,2.8743250247663044,2.816963763382028,2.6757384974719405,2.4611441008552135
9085026,r2,6838,0.6770909896822368,catboost,no,30,10,0.10000000149011612,21.46199469428331,19.394031234552422,3.5957926560605316,3.5709572214973164,3.434520864810324,2.9145227607960873,2.8743250247663044,2.816963763382028,2.6757384974719405,2.4611441008552135
9489409,r2,46731,0.9357763745521844,catboost,no,30,10,0.10000000149011612,21.46199469428331,19.394031234552422,3.5957926560605316,3.5709572214973164,3.434520864810324,2.9145227607960873,2.8743250247663044,2.816963763382028,2.6757384974719405,2.4611441008552135
9407691,r2,48950,0.8966727627141229,catboost,no,30,10,0.10000000149011612,21.46199469428331,19.394031234552422,3.5957926560605316,3.5709572214973164,3.434520864810324,2.9145227607960873,2.8743250247663044,2.816963763382028,2.6757384974719405,2.4611441008552135
9887856,r2,202,0.952594213248722,catboost,no,30,10,0.10000000149011612,21.46199469428331,19.394031234552422,3.5957926560605316,3.5709572214973164,3.434520864810324,2.9145227607960873,2.8743250247663044,2.816963763382028,2.6757384974719405,2.4611441008552135
9331230,r2,12389,0.506800731550717,catboost,no,30,10,0.10000000149011612,21.46199469428331,19.394031234552422,3.5957926560605316,3.5709572214973164,3.434520864810324,2.9145227607960873,2.8743250247663044,2.816963763382028,2.6757384974719405,2.4611441008552135
9290896,r2,69,0.927192682177805,catboost,no,30,10,0.10000000149011612,21.46199469428331,19.394031234552422,3.5957926560605316,3.5709572214973164,3.434520864810324,2.9145227607960873,2.8743250247663044,2.816963763382028,2.6757384974719405,2.4611441008552135
9051167,r2,40564,0.6627498346784375,catboost,no,30,10,0.10000000149011612,21.46199469428331,19.394031234552422,3.5957926560605316,3.5709572214973164,3.434520864810324,2.9145227607960873,2.8743250247663044,2.816963763382028,2.6757384974719405,2.4611441008552135
9702741,r2,33956,0.9671351781853932,catboost,no,30,10,0.10000000149011612,21.46199469428331,19.394031234552422,3.5957926560605316,3.5709572214973164,3.434520864810324,2.9145227607960873,2.8743250247663044,2.816963763382028,2.6757384974719405,2.4611441008552135
9128587,r2,36014,0.8083706747257869,catboost,no,30,10,0.10000000149011612,21.46199469428331,19.394031234552422,3.5957926560605316,3.5709572214973164,3.434520864810324,2.9145227607960873,2.8743250247663044,2.816963763382028,2.6757384974719405,2.4611441008552135
9352349,r2,48,0.5808392550715784,catboost,no,30,10,0.10000000149011612,21.46199469428331,19.394031234552422,3.5957926560605316,3.5709572214973164,3.434520864810324,2.9145227607960873,2.8743250247663044,2.816963763382028,2.6757384974719405,2.4611441008552135
9388553,r2,17982,0.9451622773864544,catboost,no,30,10,0.10000000149011612,21.46199469428331,19.394031234552422,3.5957926560605316,3.5709572214973164,3.434520864810324,2.9145227607960873,2.8743250247663044,2.816963763382028,2.6757384974719405,2.4611441008552135
9587122,r2,36084,0.9349930960238845,catboost,no,30,10,0.10000000149011612,21.46199469428331,19.394031234552422,3.5957926560605316,3.5709572214973164,3.434520864810324,2.9145227607960873,2.8743250247663044,2.816963763382028,2.6757384974719405,2.4611441008552135
8950766,r2,55,0.9196204719011224,catboost,no,30,10,0.10000000149011612,21.46199469428331,19.394031234552422,3.5957926560605316,3.5709572214973164,3.434520864810324,2.9145227607960873,2.8743250247663044,2.816963763382028,2.6757384974719405,2.4611441008552135
9490067,r2,188,0.9283106841807979,catboost,no,30,10,0.10000000149011612,21.46199469428331,19.394031234552422,3.5957926560605316,3.5709572214973164,3.434520864810324,2.9145227607960873,2.8743250247663044,2.816963763382028,2.6757384974719405,2.4611441008552135
9433143,r2,8182,0.7330423656506218,catboost,no,30,10,0.10000000149011612,21.46199469428331,19.394031234552422,3.5957926560605316,3.5709572214973164,3.434520864810324,2.9145227607960873,2.8743250247663044,2.816963763382028,2.6757384974719405,2.4611441008552135
9271709,r2,47487,0.6862267629505179,catboost,no,30,10,0.10000000149011612,21.46199469428331,19.394031234552422,3.5957926560605316,3.5709572214973164,3.434520864810324,2.9145227607960873,2.8743250247663044,2.816963763382028,2.6757384974719405,2.4611441008552135
9856741,r2,216,0.6675754352418144,catboost,no,30,10,0.10000000149011612,21.46199469428331,19.394031234552422,3.5957926560605316,3.5709572214973164,3.434520864810324,2.9145227607960873,2.8743250247663044,2.816963763382028,2.6757384974719405,2.4611441008552135
9084627,r2,7258,0.7356717549649858,catboost,no,30,10,0.10000000149011612,21.46199469428331,19.394031234552422,3.5957926560605316,3.5709572214973164,3.434520864810324,2.9145227607960873,2.8743250247663044,2.816963763382028,2.6757384974719405,2.4611441008552135
9587150,r2,36084,0.8005121700279472,catboost,no,30,10,0.10000000149011612,21.46199469428331,19.394031234552422,3.5957926560605316,3.5709572214973164,3.434520864810324,2.9145227607960873,2.8743250247663044,2.816963763382028,2.6757384974719405,2.4611441008552135
9084865,r2,8987,0.8647763270168499,catboost,no,30,10,0.10000000149011612,21.46199469428331,19.394031234552422,3.5957926560605316,3.5709572214973164,3.434520864810324,2.9145227607960873,2.8743250247663044,2.816963763382028,2.6757384974719405,2.4611441008552135
9085404,r2,8056,0.8627288514194932,catboost,no,30,10,0.10000000149011612,21.46199469428331,19.394031234552422,3.5957926560605316,3.5709572214973164,3.434520864810324,2.9145227607960873,2.8743250247663044,2.816963763382028,2.6757384974719405,2.4611441008552135
9388448,r2,17744,0.943658518592809,catboost,no,30,10,0.10000000149011612,21.46199469428331,19.394031234552422,3.5957926560605316,3.5709572214973164,3.434520864810324,2.9145227607960873,2.8743250247663044,2.816963763382028,2.6757384974719405,2.4611441008552135
9128811,r2,30428,0.9126920050902074,catboost,no,30,10,0.10000000149011612,21.46199469428331,19.394031234552422,3.5957926560605316,3.5709572214973164,3.434520864810324,2.9145227607960873,2.8743250247663044,2.816963763382028,2.6757384974719405,2.4611441008552135
9271660,r2,47501,0.6722151340989321,catboost,no,30,10,0.10000000149011612,21.46199469428331,19.394031234552422,3.5957926560605316,3.5709572214973164,3.434520864810324,2.9145227607960873,2.8743250247663044,2.816963763382028,2.6757384974719405,2.4611441008552135
8887696,r2,33914,0.9116581959471214,catboost,no,30,10,0.10000000149011612,21.46199469428331,19.394031234552422,3.5957926560605316,3.5709572214973164,3.434520864810324,2.9145227607960873,2.8743250247663044,2.816963763382028,2.6757384974719405,2.4611441008552135
9097311,r2,23750,0.8295504218061261,catboost,no,30,10,0.10000000149011612,21.46199469428331,19.394031234552422,3.5957926560605316,3.5709572214973164,3.434520864810324,2.9145227607960873,2.8743250247663044,2.816963763382028,2.6757384974719405,2.4611441008552135
9271793,r2,47487,0.5023599499606847,catboost,no,30,10,0.10000000149011612,21.46199469428331,19.394031234552422,3.5957926560605316,3.5709572214973164,3.434520864810324,2.9145227607960873,2.8743250247663044,2.816963763382028,2.6757384974719405,2.4611441008552135
8887815,r2,33914,0.5073929150785549,catboost,no,30,10,0.10000000149011612,21.46199469428331,19.394031234552422,3.5957926560605316,3.5709572214973164,3.434520864810324,2.9145227607960873,2.8743250247663044,2.816963763382028,2.6757384974719405,2.4611441008552135
9433668,r2,9876,0.9287402391257775,catboost,no,30,10,0.10000000149011612,21.46199469428331,19.394031234552422,3.5957926560605316,3.5709572214973164,3.434520864810324,2.9145227607960873,2.8743250247663044,2.816963763382028,2.6757384974719405,2.4611441008552135
9128671,r2,48341,0.9236908020269756,catboost,no,30,10,0.10000000149011612,21.46199469428331,19.394031234552422,3.5957926560605316,3.5709572214973164,3.434520864810324,2.9145227607960873,2.8743250247663044,2.816963763382028,2.6757384974719405,2.4611441008552135
9330453,r2,12718,0.7810710750455541,catboost,no,30,10,0.10000000149011612,21.46199469428331,19.394031234552422,3.5957926560605316,3.5709572214973164,3.434520864810324,2.9145227607960873,2.8743250247663044,2.816963763382028,2.6757384974719405,2.4611441008552135
9085194,r2,8056,0.8967306021684183,catboost,no,30,10,0.10000000149011612,21.46199469428331,19.394031234552422,3.5957926560605316,3.5709572214973164,3.434520864810324,2.9145227607960873,2.8743250247663044,2.816963763382028,2.6757384974719405,2.4611441008552135
9352237,r2,202,0.911722642156554,catboost,no,30,10,0.10000000149011612,21.46199469428331,19.394031234552422,3.5957926560605316,3.5709572214973164,3.434520864810324,2.9145227607960873,2.8743250247663044,2.816963763382028,2.6757384974719405,2.4611441008552135
9587108,r2,36084,0.824282111234262,catboost,no,30,10,0.10000000149011612,21.46199469428331,19.394031234552422,3.5957926560605316,3.5709572214973164,3.434520864810324,2.9145227607960873,2.8743250247663044,2.816963763382028,2.6757384974719405,2.4611441008552135
9225355,r2,41,0.7120674662145263,catboost,no,30,10,0.10000000149011612,21.46199469428331,19.394031234552422,3.5957926560605316,3.5709572214973164,3.434520864810324,2.9145227607960873,2.8743250247663044,2.816963763382028,2.6757384974719405,2.4611441008552135
9094434,r2,46773,0.579086863569046,catboost,no,30,10,0.10000000149011612,21.46199469428331,19.394031234552422,3.5957926560605316,3.5709572214973164,3.434520864810324,2.9145227607960873,2.8743250247663044,2.816963763382028,2.6757384974719405,2.4611441008552135
9866387,r2,17744,0.7569092318342392,catboost,no,30,10,0.10000000149011612,21.46199469428331,19.394031234552422,3.5957926560605316,3.5709572214973164,3.434520864810324,2.9145227607960873,2.8743250247663044,2.816963763382028,2.6757384974719405,2.4611441008552135
9849706,r2,251,0.8902338602705473,catboost,no,30,10,0.10000000149011612,21.46199469428331,19.394031234552422,3.5957926560605316,3.5709572214973164,3.434520864810324,2.9145227607960873,2.8743250247663044,2.816963763382028,2.6757384974719405,2.4611441008552135
9433423,r2,10366,0.8437110349768456,catboost,no,30,10,0.10000000149011612,21.46199469428331,19.394031234552422,3.5957926560605316,3.5709572214973164,3.434520864810324,2.9145227607960873,2.8743250247663044,2.816963763382028,2.6757384974719405,2.4611441008552135
9085390,r2,7258,0.8911994010767476,catboost,no,30,10,0.10000000149011612,21.46199469428331,19.394031234552422,3.5957926560605316,3.5709572214973164,3.434520864810324,2.9145227607960873,2.8743250247663044,2.816963763382028,2.6757384974719405,2.4611441008552135
9084872,r2,7727,0.9220212070503939,catboost,no,30,10,0.10000000149011612,21.46199469428331,19.394031234552422,3.5957926560605316,3.5709572214973164,3.434520864810324,2.9145227607960873,2.8743250247663044,2.816963763382028,2.6757384974719405,2.4611441008552135
9433101,r2,10618,0.8784443001322547,catboost,no,30,10,0.10000000149011612,21.46199469428331,19.394031234552422,3.5957926560605316,3.5709572214973164,3.434520864810324,2.9145227607960873,2.8743250247663044,2.816963763382028,2.6757384974719405,2.4611441008552135
9084991,r2,9876,0.9534225945653226,catboost,no,30,10,0.10000000149011612,21.46199469428331,19.394031234552422,3.5957926560605316,3.5709572214973164,3.434520864810324,2.9145227607960873,2.8743250247663044,2.816963763382028,2.6757384974719405,2.4611441008552135
9272521,r2,33956,0.8693715612681697,catboost,no,30,10,0.10000000149011612,21.46199469428331,19.394031234552422,3.5957926560605316,3.5709572214973164,3.434520864810324,2.9145227607960873,2.8743250247663044,2.816963763382028,2.6757384974719405,2.4611441008552135
9433087,r2,10618,0.8594680877789689,catboost,no,30,10,0.10000000149011612,21.46199469428331,19.394031234552422,3.5957926560605316,3.5709572214973164,3.434520864810324,2.9145227607960873,2.8743250247663044,2.816963763382028,2.6757384974719405,2.4611441008552135
9684184,r2,12669,0.914488383732948,catboost,no,30,10,0.10000000149011612,21.46199469428331,19.394031234552422,3.5957926560605316,3.5709572214973164,3.434520864810324,2.9145227607960873,2.8743250247663044,2.816963763382028,2.6757384974719405,2.4611441008552135
9388560,r2,17653,0.9315290217163488,catboost,no,30,10,0.10000000149011612,21.46199469428331,19.394031234552422,3.5957926560605316,3.5709572214973164,3.434520864810324,2.9145227607960873,2.8743250247663044,2.816963763382028,2.6757384974719405,2.4611441008552135
9793832,r2,188,0.8429792054050858,catboost,no,30,10,0.10000000149011612,21.46199469428331,19.394031234552422,3.5957926560605316,3.5709572214973164,3.434520864810324,2.9145227607960873,2.8743250247663044,2.816963763382028,2.6757384974719405,2.4611441008552135
9097381,r2,22497,0.7045676727164996,catboost,no,30,10,0.10000000149011612,21.46199469428331,19.394031234552422,3.5957926560605316,3.5709572214973164,3.434520864810324,2.9145227607960873,2.8743250247663044,2.816963763382028,2.6757384974719405,2.4611441008552135
9433822,r2,7573,0.8392981043734674,catboost,no,30,10,0.10000000149011612,21.46199469428331,19.394031234552422,3.5957926560605316,3.5709572214973164,3.434520864810324,2.9145227607960873,2.8743250247663044,2.816963763382028,2.6757384974719405,2.4611441008552135
9702804,r2,33914,0.8599938899289259,catboost,no,30,10,0.10000000149011612,21.46199469428331,19.394031234552422,3.5957926560605316,3.5709572214973164,3.434520864810324,2.9145227607960873,2.8743250247663044,2.816963763382028,2.6757384974719405,2.4611441008552135
9128447,r2,30407,0.8348087550382203,catboost,no,30,10,0.10000000149011612,21.46199469428331,19.394031234552422,3.5957926560605316,3.5709572214973164,3.434520864810324,2.9145227607960873,2.8743250247663044,2.816963763382028,2.6757384974719405,2.4611441008552135
9830771,r2,209,0.9051452546314787,catboost,no,30,10,0.10000000149011612,21.46199469428331,19.394031234552422,3.5957926560605316,3.5709572214973164,3.434520864810324,2.9145227607960873,2.8743250247663044,2.816963763382028,2.6757384974719405,2.4611441008552135
8887738,r2,33956,0.9334340870763496,catboost,no,30,10,0.10000000149011612,21.46199469428331,19.394031234552422,3.5957926560605316,3.5709572214973164,3.434520864810324,2.9145227607960873,2.8743250247663044,2.816963763382028,2.6757384974719405,2.4611441008552135
9516667,r2,30428,0.7665057227377841,catboost,no,30,10,0.10000000149011612,21.46199469428331,19.394031234552422,3.5957926560605316,3.5709572214973164,3.434520864810324,2.9145227607960873,2.8743250247663044,2.816963763382028,2.6757384974719405,2.4611441008552135
9262175,r2,36126,0.9539128080527294,catboost,no,30,10,0.10000000149011612,21.46199469428331,19.394031234552422,3.5957926560605316,3.5709572214973164,3.434520864810324,2.9145227607960873,2.8743250247663044,2.816963763382028,2.6757384974719405,2.4611441008552135
9086993,r2,69,0.8175445767929942,catboost,no,30,10,0.10000000149011612,21.46199469428331,19.394031234552422,3.5957926560605316,3.5709572214973164,3.434520864810324,2.9145227607960873,2.8743250247663044,2.816963763382028,2.6757384974719405,2.4611441008552135
9128748,r2,30435,0.6823763292141003,catboost,no,30,10,0.10000000149011612,21.46199469428331,19.394031234552422,3.5957926560605316,3.5709572214973164,3.434520864810324,2.9145227607960873,2.8743250247663044,2.816963763382028,2.6757384974719405,2.4611441008552135
9433297,r2,7608,0.8818464182103395,catboost,no,30,10,0.10000000149011612,21.46199469428331,19.394031234552422,3.5957926560605316,3.5709572214973164,3.434520864810324,2.9145227607960873,2.8743250247663044,2.816963763382028,2.6757384974719405,2.4611441008552135
9272479,r2,33956,0.8847092528612152,catboost,no,30,10,0.10000000149011612,21.46199469428331,19.394031234552422,3.5957926560605316,3.5709572214973164,3.434520864810324,2.9145227607960873,2.8743250247663044,2.816963763382028,2.6757384974719405,2.4611441008552135
9097031,r2,216,0.6632298863028118,catboost,no,30,10,0.10000000149011612,21.46199469428331,19.394031234552422,3.5957926560605316,3.5709572214973164,3.434520864810324,2.9145227607960873,2.8743250247663044,2.816963763382028,2.6757384974719405,2.4611441008552135
9516436,r2,30393,0.8986047617341508,catboost,no,30,10,0.10000000149011612,21.46199469428331,19.394031234552422,3.5957926560605316,3.5709572214973164,3.434520864810324,2.9145227607960873,2.8743250247663044,2.816963763382028,2.6757384974719405,2.4611441008552135
9225362,r2,41,0.6811984492939422,catboost,no,30,10,0.10000000149011612,21.46199469428331,19.394031234552422,3.5957926560605316,3.5709572214973164,3.434520864810324,2.9145227607960873,2.8743250247663044,2.816963763382028,2.6757384974719405,2.4611441008552135
9388588,r2,17653,0.6230376743343349,catboost,no,30,10,0.10000000149011612,21.46199469428331,19.394031234552422,3.5957926560605316,3.5709572214973164,3.434520864810324,2.9145227607960873,2.8743250247663044,2.816963763382028,2.6757384974719405,2.4611441008552135
9051153,r2,40564,0.831589425835614,catboost,no,30,10,0.10000000149011612,21.46199469428331,19.394031234552422,3.5957926560605316,3.5709572214973164,3.434520864810324,2.9145227607960873,2.8743250247663044,2.816963763382028,2.6757384974719405,2.4611441008552135
9225369,r2,48,0.6378245295055684,catboost,no,30,10,0.10000000149011612,21.46199469428331,19.394031234552422,3.5957926560605316,3.5709572214973164,3.434520864810324,2.9145227607960873,2.8743250247663044,2.816963763382028,2.6757384974719405,2.4611441008552135
9377311,r2,48,0.8723651102611524,catboost,no,30,10,0.10000000149011612,21.46199469428331,19.394031234552422,3.5957926560605316,3.5709572214973164,3.434520864810324,2.9145227607960873,2.8743250247663044,2.816963763382028,2.6757384974719405,2.4611441008552135
9516478,r2,48334,0.878588757734401,catboost,no,30,10,0.10000000149011612,21.46199469428331,19.394031234552422,3.5957926560605316,3.5709572214973164,3.434520864810324,2.9145227607960873,2.8743250247663044,2.816963763382028,2.6757384974719405,2.4611441008552135
9084592,r2,7608,0.6917797046652382,catboost,no,30,10,0.10000000149011612,21.46199469428331,19.394031234552422,3.5957926560605316,3.5709572214973164,3.434520864810324,2.9145227607960873,2.8743250247663044,2.816963763382028,2.6757384974719405,2.4611441008552135
9457524,r2,40298,0.9189325768102979,catboost,no,30,10,0.10000000149011612,21.46199469428331,19.394031234552422,3.5957926560605316,3.5709572214973164,3.434520864810324,2.9145227607960873,2.8743250247663044,2.816963763382028,2.6757384974719405,2.4611441008552135
9027374,r2,18570,0.8204241709133595,catboost,no,30,10,0.10000000149011612,21.46199469428331,19.394031234552422,3.5957926560605316,3.5709572214973164,3.434520864810324,2.9145227607960873,2.8743250247663044,2.816963763382028,2.6757384974719405,2.4611441008552135
9256358,r2,48,0.70555603531068,catboost,no,30,10,0.10000000149011612,21.46199469428331,19.394031234552422,3.5957926560605316,3.5709572214973164,3.434520864810324,2.9145227607960873,2.8743250247663044,2.816963763382028,2.6757384974719405,2.4611441008552135
9272577,r2,33935,0.81452470716564,catboost,no,30,10,0.10000000149011612,21.46199469428331,19.394031234552422,3.5957926560605316,3.5709572214973164,3.434520864810324,2.9145227607960873,2.8743250247663044,2.816963763382028,2.6757384974719405,2.4611441008552135
9516548,r2,30435,0.6472856226163688,catboost,no,30,10,0.10000000149011612,21.46199469428331,19.394031234552422,3.5957926560605316,3.5709572214973164,3.434520864810324,2.9145227607960873,2.8743250247663044,2.816963763382028,2.6757384974719405,2.4611441008552135
9352230,r2,202,0.9078941922586539,catboost,no,30,10,0.10000000149011612,21.46199469428331,19.394031234552422,3.5957926560605316,3.5709572214973164,3.434520864810324,2.9145227607960873,2.8743250247663044,2.816963763382028,2.6757384974719405,2.4611441008552135
9433766,r2,9876,0.544232552849802,catboost,no,30,10,0.10000000149011612,21.46199469428331,19.394031234552422,3.5957926560605316,3.5709572214973164,3.434520864810324,2.9145227607960873,2.8743250247663044,2.816963763382028,2.6757384974719405,2.4611441008552135
9128720,r2,30414,0.7901075210656516,catboost,no,30,10,0.10000000149011612,21.46199469428331,19.394031234552422,3.5957926560605316,3.5709572214973164,3.434520864810324,2.9145227607960873,2.8743250247663044,2.816963763382028,2.6757384974719405,2.4611441008552135
9388581,r2,17982,0.743479723416762,catboost,no,30,10,0.10000000149011612,21.46199469428331,19.394031234552422,3.5957926560605316,3.5709572214973164,3.434520864810324,2.9145227607960873,2.8743250247663044,2.816963763382028,2.6757384974719405,2.4611441008552135
9051027,r2,40606,0.9055136168348231,catboost,no,30,10,0.10000000149011612,21.46199469428331,19.394031234552422,3.5957926560605316,3.5709572214973164,3.434520864810324,2.9145227607960873,2.8743250247663044,2.816963763382028,2.6757384974719405,2.4611441008552135
8950829,r2,55,0.5718554076375126,catboost,no,30,10,0.10000000149011612,21.46199469428331,19.394031234552422,3.5957926560605316,3.5709572214973164,3.434520864810324,2.9145227607960873,2.8743250247663044,2.816963763382028,2.6757384974719405,2.4611441008552135
9457587,r2,47529,0.9394899506137979,catboost,no,30,10,0.10000000149011612,21.46199469428331,19.394031234552422,3.5957926560605316,3.5709572214973164,3.434520864810324,2.9145227607960873,2.8743250247663044,2.816963763382028,2.6757384974719405,2.4611441008552135
9503871,r2,202,0.5092823752691158,catboost,no,30,10,0.10000000149011612,21.46199469428331,19.394031234552422,3.5957926560605316,3.5709572214973164,3.434520864810324,2.9145227607960873,2.8743250247663044,2.816963763382028,2.6757384974719405,2.4611441008552135
9484509,r2,44904,0.8906411329814353,catboost,no,30,10,0.10000000149011612,21.46199469428331,19.394031234552422,3.5957926560605316,3.5709572214973164,3.434520864810324,2.9145227607960873,2.8743250247663044,2.816963763382028,2.6757384974719405,2.4611441008552135
9262203,r2,36084,0.6228109929900888,catboost,no,30,10,0.10000000149011612,21.46199469428331,19.394031234552422,3.5957926560605316,3.5709572214973164,3.434520864810324,2.9145227607960873,2.8743250247663044,2.816963763382028,2.6757384974719405,2.4611441008552135
9433409,r2,8700,0.7339698215182887,catboost,no,30,10,0.10000000149011612,21.46199469428331,19.394031234552422,3.5957926560605316,3.5709572214973164,3.434520864810324,2.9145227607960873,2.8743250247663044,2.816963763382028,2.6757384974719405,2.4611441008552135
9084893,r2,10576,0.7875888364509303,catboost,no,30,10,0.10000000149011612,21.46199469428331,19.394031234552422,3.5957926560605316,3.5709572214973164,3.434520864810324,2.9145227607960873,2.8743250247663044,2.816963763382028,2.6757384974719405,2.4611441008552135
9084795,r2,10366,0.7993269963043357,catboost,no,30,10,0.10000000149011612,21.46199469428331,19.394031234552422,3.5957926560605316,3.5709572214973164,3.434520864810324,2.9145227607960873,2.8743250247663044,2.816963763382028,2.6757384974719405,2.4611441008552135
9433507,r2,7727,0.7852996271938548,catboost,no,30,10,0.10000000149011612,21.46199469428331,19.394031234552422,3.5957926560605316,3.5709572214973164,3.434520864810324,2.9145227607960873,2.8743250247663044,2.816963763382028,2.6757384974719405,2.4611441008552135
9330747,r2,11220,0.8850611592120532,catboost,no,30,10,0.10000000149011612,21.46199469428331,19.394031234552422,3.5957926560605316,3.5709572214973164,3.434520864810324,2.9145227607960873,2.8743250247663044,2.816963763382028,2.6757384974719405,2.4611441008552135
9433353,r2,8700,0.8402473236003887,catboost,no,30,10,0.10000000149011612,21.46199469428331,19.394031234552422,3.5957926560605316,3.5709572214973164,3.434520864810324,2.9145227607960873,2.8743250247663044,2.816963763382028,2.6757384974719405,2.4611441008552135
9330859,r2,14629,0.830403011534225,catboost,no,30,10,0.10000000149011612,21.46199469428331,19.394031234552422,3.5957926560605316,3.5709572214973164,3.434520864810324,2.9145227607960873,2.8743250247663044,2.816963763382028,2.6757384974719405,2.4611441008552135
9954846,r2,30393,0.8615642111984345,catboost,no,30,10,0.10000000149011612,21.46199469428331,19.394031234552422,3.5957926560605316,3.5709572214973164,3.434520864810324,2.9145227607960873,2.8743250247663044,2.816963763382028,2.6757384974719405,2.4611441008552135
9954853,r2,30407,0.5381488329214325,catboost,no,30,10,0.10000000149011612,21.46199469428331,19.394031234552422,3.5957926560605316,3.5709572214973164,3.434520864810324,2.9145227607960873,2.8743250247663044,2.816963763382028,2.6757384974719405,2.4611441008552135
9954860,r2,36014,0.7945821366045649,catboost,no,30,10,0.10000000149011612,21.46199469428331,19.394031234552422,3.5957926560605316,3.5709572214973164,3.434520864810324,2.9145227607960873,2.8743250247663044,2.816963763382028,2.6757384974719405,2.4611441008552135
9954867,r2,30428,0.7976967377949731,catboost,no,30,10,0.10000000149011612,21.46199469428331,19.394031234552422,3.5957926560605316,3.5709572214973164,3.434520864810324,2.9145227607960873,2.8743250247663044,2.816963763382028,2.6757384974719405,2.4611441008552135
9954874,r2,48341,0.8745675363066808,catboost,no,30,10,0.10000000149011612,21.46199469428331,19.394031234552422,3.5957926560605316,3.5709572214973164,3.434520864810324,2.9145227607960873,2.8743250247663044,2.816963763382028,2.6757384974719405,2.4611441008552135
9954881,r2,30393,0.9032542919036998,catboost,no,30,10,0.10000000149011612,21.46199469428331,19.394031234552422,3.5957926560605316,3.5709572214973164,3.434520864810324,2.9145227607960873,2.8743250247663044,2.816963763382028,2.6757384974719405,2.4611441008552135
9954888,r2,30414,0.8948921383323377,catboost,no,30,10,0.10000000149011612,21.46199469428331,19.394031234552422,3.5957926560605316,3.5709572214973164,3.434520864810324,2.9145227607960873,2.8743250247663044,2.816963763382028,2.6757384974719405,2.4611441008552135
9954895,r2,30435,0.8737461339691242,catboost,no,30,10,0.10000000149011612,21.46199469428331,19.394031234552422,3.5957926560605316,3.5709572214973164,3.434520864810324,2.9145227607960873,2.8743250247663044,2.816963763382028,2.6757384974719405,2.4611441008552135
9954902,r2,30428,0.8279062232566692,catboost,no,30,10,0.10000000149011612,21.46199469428331,19.394031234552422,3.5957926560605316,3.5709572214973164,3.434520864810324,2.9145227607960873,2.8743250247663044,2.816963763382028,2.6757384974719405,2.4611441008552135
9954909,r2,30393,0.8788466406601718,catboost,no,30,10,0.10000000149011612,21.46199469428331,19.394031234552422,3.5957926560605316,3.5709572214973164,3.434520864810324,2.9145227607960873,2.8743250247663044,2.816963763382028,2.6757384974719405,2.4611441008552135
9954916,r2,48334,0.8297201844031508,catboost,no,30,10,0.10000000149011612,21.46199469428331,19.394031234552422,3.5957926560605316,3.5709572214973164,3.434520864810324,2.9145227607960873,2.8743250247663044,2.816963763382028,2.6757384974719405,2.4611441008552135
9954923,r2,48341,0.8439328261398309,catboost,no,30,10,0.10000000149011612,21.46199469428331,19.394031234552422,3.5957926560605316,3.5709572214973164,3.434520864810324,2.9145227607960873,2.8743250247663044,2.816963763382028,2.6757384974719405,2.4611441008552135
9954930,r2,30421,0.5286493036406252,catboost,no,30,10,0.10000000149011612,21.46199469428331,19.394031234552422,3.5957926560605316,3.5709572214973164,3.434520864810324,2.9145227607960873,2.8743250247663044,2.816963763382028,2.6757384974719405,2.4611441008552135
9954937,r2,30428,0.5921396824814326,catboost,no,30,10,0.10000000149011612,21.46199469428331,19.394031234552422,3.5957926560605316,3.5709572214973164,3.434520864810324,2.9145227607960873,2.8743250247663044,2.816963763382028,2.6757384974719405,2.4611441008552135
9954944,r2,30393,0.706313937689203,catboost,no,30,10,0.10000000149011612,21.46199469428331,19.394031234552422,3.5957926560605316,3.5709572214973164,3.434520864810324,2.9145227607960873,2.8743250247663044,2.816963763382028,2.6757384974719405,2.4611441008552135
9954951,r2,30421,0.5355376115684788,catboost,no,30,10,0.10000000149011612,21.46199469428331,19.394031234552422,3.5957926560605316,3.5709572214973164,3.434520864810324,2.9145227607960873,2.8743250247663044,2.816963763382028,2.6757384974719405,2.4611441008552135
9954958,r2,48341,0.5830962807677187,catboost,no,30,10,0.10000000149011612,21.46199469428331,19.394031234552422,3.5957926560605316,3.5709572214973164,3.434520864810324,2.9145227607960873,2.8743250247663044,2.816963763382028,2.6757384974719405,2.4611441008552135
9954965,r2,30414,0.5180963932241343,catboost,no,30,10,0.10000000149011612,21.46199469428331,19.394031234552422,3.5957926560605316,3.5709572214973164,3.434520864810324,2.9145227607960873,2.8743250247663044,2.816963763382028,2.6757384974719405,2.4611441008552135
9954972,r2,30393,0.9204846504737964,catboost,no,30,10,0.10000000149011612,21.46199469428331,19.394031234552422,3.5957926560605316,3.5709572214973164,3.434520864810324,2.9145227607960873,2.8743250247663044,2.816963763382028,2.6757384974719405,2.4611441008552135
9954986,r2,48341,0.7166856659790826,catboost,no,30,10,0.10000000149011612,21.46199469428331,19.394031234552422,3.5957926560605316,3.5709572214973164,3.434520864810324,2.9145227607960873,2.8743250247663044,2.816963763382028,2.6757384974719405,2.4611441008552135
9954979,r2,30435,0.741328828985612,catboost,no,30,10,0.10000000149011612,21.46199469428331,19.394031234552422,3.5957926560605316,3.5709572214973164,3.434520864810324,2.9145227607960873,2.8743250247663044,2.816963763382028,2.6757384974719405,2.4611441008552135
9983833,r2,30414,0.6061951654212834,catboost,no,30,10,0.10000000149011612,21.46199469428331,19.394031234552422,3.5957926560605316,3.5709572214973164,3.434520864810324,2.9145227607960873,2.8743250247663044,2.816963763382028,2.6757384974719405,2.4611441008552135
9983840,r2,30407,0.6591920956345176,catboost,no,30,10,0.10000000149011612,21.46199469428331,19.394031234552422,3.5957926560605316,3.5709572214973164,3.434520864810324,2.9145227607960873,2.8743250247663044,2.816963763382028,2.6757384974719405,2.4611441008552135
9983847,r2,30428,0.8016046460250832,catboost,no,30,10,0.10000000149011612,21.46199469428331,19.394031234552422,3.5957926560605316,3.5709572214973164,3.434520864810324,2.9145227607960873,2.8743250247663044,2.816963763382028,2.6757384974719405,2.4611441008552135
9983854,r2,30435,0.6238890848476941,catboost,no,30,10,0.10000000149011612,21.46199469428331,19.394031234552422,3.5957926560605316,3.5709572214973164,3.434520864810324,2.9145227607960873,2.8743250247663044,2.816963763382028,2.6757384974719405,2.4611441008552135
9983861,r2,48334,0.8852138322283736,catboost,no,30,10,0.10000000149011612,21.46199469428331,19.394031234552422,3.5957926560605316,3.5709572214973164,3.434520864810324,2.9145227607960873,2.8743250247663044,2.816963763382028,2.6757384974719405,2.4611441008552135
9983868,r2,30428,0.5107584813659587,catboost,no,30,10,0.10000000149011612,21.46199469428331,19.394031234552422,3.5957926560605316,3.5709572214973164,3.434520864810324,2.9145227607960873,2.8743250247663044,2.816963763382028,2.6757384974719405,2.4611441008552135
9983875,r2,30400,0.851264816821168,catboost,no,30,10,0.10000000149011612,21.46199469428331,19.394031234552422,3.5957926560605316,3.5709572214973164,3.434520864810324,2.9145227607960873,2.8743250247663044,2.816963763382028,2.6757384974719405,2.4611441008552135
9983882,r2,30435,0.6176643723041974,catboost,no,30,10,0.10000000149011612,21.46199469428331,19.394031234552422,3.5957926560605316,3.5709572214973164,3.434520864810324,2.9145227607960873,2.8743250247663044,2.816963763382028,2.6757384974719405,2.4611441008552135
9983889,r2,30393,0.8823729770174673,catboost,no,30,10,0.10000000149011612,21.46199469428331,19.394031234552422,3.5957926560605316,3.5709572214973164,3.434520864810324,2.9145227607960873,2.8743250247663044,2.816963763382028,2.6757384974719405,2.4611441008552135
9983896,r2,30428,0.650925192391382,catboost,no,30,10,0.10000000149011612,21.46199469428331,19.394031234552422,3.5957926560605316,3.5709572214973164,3.434520864810324,2.9145227607960873,2.8743250247663044,2.816963763382028,2.6757384974719405,2.4611441008552135
9983903,r2,30421,0.7378195095924037,catboost,no,30,10,0.10000000149011612,21.46199469428331,19.394031234552422,3.5957926560605316,3.5709572214973164,3.434520864810324,2.9145227607960873,2.8743250247663044,2.816963763382028,2.6757384974719405,2.4611441008552135
9983910,r2,30407,0.5754427141247033,catboost,no,30,10,0.10000000149011612,21.46199469428331,19.394031234552422,3.5957926560605316,3.5709572214973164,3.434520864810324,2.9145227607960873,2.8743250247663044,2.816963763382028,2.6757384974719405,2.4611441008552135
9983917,r2,48334,0.818323540599813,catboost,no,30,10,0.10000000149011612,21.46199469428331,19.394031234552422,3.5957926560605316,3.5709572214973164,3.434520864810324,2.9145227607960873,2.8743250247663044,2.816963763382028,2.6757384974719405,2.4611441008552135
9983924,r2,36014,0.7997190795171036,catboost,no,30,10,0.10000000149011612,21.46199469428331,19.394031234552422,3.5957926560605316,3.5709572214973164,3.434520864810324,2.9145227607960873,2.8743250247663044,2.816963763382028,2.6757384974719405,2.4611441008552135
9983938,r2,48341,0.6585053471359897,catboost,no,30,10,0.10000000149011612,21.46199469428331,19.394031234552422,3.5957926560605316,3.5709572214973164,3.434520864810324,2.9145227607960873,2.8743250247663044,2.816963763382028,2.6757384974719405,2.4611441008552135
9983931,r2,30393,0.6100003735914853,catboost,no,30,10,0.10000000149011612,21.46199469428331,19.394031234552422,3.5957926560605316,3.5709572214973164,3.434520864810324,2.9145227607960873,2.8743250247663044,2.816963763382028,2.6757384974719405,2.4611441008552135
9983945,r2,30428,0.8130214307176024,catboost,no,30,10,0.10000000149011612,21.46199469428331,19.394031234552422,3.5957926560605316,3.5709572214973164,3.434520864810324,2.9145227607960873,2.8743250247663044,2.816963763382028,2.6757384974719405,2.4611441008552135
9983952,r2,30414,0.8505054450655501,catboost,no,30,10,0.10000000149011612,21.46199469428331,19.394031234552422,3.5957926560605316,3.5709572214973164,3.434520864810324,2.9145227607960873,2.8743250247663044,2.816963763382028,2.6757384974719405,2.4611441008552135
9983959,r2,48341,0.8589730865612497,catboost,no,30,10,0.10000000149011612,21.46199469428331,19.394031234552422,3.5957926560605316,3.5709572214973164,3.434520864810324,2.9145227607960873,2.8743250247663044,2.816963763382028,2.6757384974719405,2.4611441008552135
9983966,r2,30393,0.9228645242026114,catboost,no,30,10,0.10000000149011612,21.46199469428331,19.394031234552422,3.5957926560605316,3.5709572214973164,3.434520864810324,2.9145227607960873,2.8743250247663044,2.816963763382028,2.6757384974719405,2.4611441008552135
9983973,r2,30400,0.8177587474100896,catboost,no,30,10,0.10000000149011612,21.46199469428331,19.394031234552422,3.5957926560605316,3.5709572214973164,3.434520864810324,2.9145227607960873,2.8743250247663044,2.816963763382028,2.6757384974719405,2.4611441008552135
9983987,r2,48334,0.753494209392043,catboost,no,30,10,0.10000000149011612,21.46199469428331,19.394031234552422,3.5957926560605316,3.5709572214973164,3.434520864810324,2.9145227607960873,2.8743250247663044,2.816963763382028,2.6757384974719405,2.4611441008552135
9983980,r2,30435,0.9105165786852447,catboost,no,30,10,0.10000000149011612,21.46199469428331,19.394031234552422,3.5957926560605316,3.5709572214973164,3.434520864810324,2.9145227607960873,2.8743250247663044,2.816963763382028,2.6757384974719405,2.4611441008552135
9984001,r2,30414,0.7741723480905811,catboost,no,30,10,0.10000000149011612,21.46199469428331,19.394031234552422,3.5957926560605316,3.5709572214973164,3.434520864810324,2.9145227607960873,2.8743250247663044,2.816963763382028,2.6757384974719405,2.4611441008552135
9983994,r2,30393,0.5582257378256944,catboost,no,30,10,0.10000000149011612,21.46199469428331,19.394031234552422,3.5957926560605316,3.5709572214973164,3.434520864810324,2.9145227607960873,2.8743250247663044,2.816963763382028,2.6757384974719405,2.4611441008552135
9984008,r2,30400,0.8980607793955877,catboost,no,30,10,0.10000000149011612,21.46199469428331,19.394031234552422,3.5957926560605316,3.5709572214973164,3.434520864810324,2.9145227607960873,2.8743250247663044,2.816963763382028,2.6757384974719405,2.4611441008552135
9984015,r2,48334,0.8193096218787415,catboost,no,30,10,0.10000000149011612,21.46199469428331,19.394031234552422,3.5957926560605316,3.5709572214973164,3.434520864810324,2.9145227607960873,2.8743250247663044,2.816963763382028,2.6757384974719405,2.4611441008552135
9984022,r2,30414,0.7251708019053414,catboost,no,30,10,0.10000000149011612,21.46199469428331,19.394031234552422,3.5957926560605316,3.5709572214973164,3.434520864810324,2.9145227607960873,2.8743250247663044,2.816963763382028,2.6757384974719405,2.4611441008552135
9984029,r2,30428,0.5247965517103661,catboost,no,30,10,0.10000000149011612,21.46199469428331,19.394031234552422,3.5957926560605316,3.5709572214973164,3.434520864810324,2.9145227607960873,2.8743250247663044,2.816963763382028,2.6757384974719405,2.4611441008552135
9984036,r2,30435,0.7265446306619922,catboost,no,30,10,0.10000000149011612,21.46199469428331,19.394031234552422,3.5957926560605316,3.5709572214973164,3.434520864810324,2.9145227607960873,2.8743250247663044,2.816963763382028,2.6757384974719405,2.4611441008552135
9984043,r2,48341,0.8856463394439651,catboost,no,30,10,0.10000000149011612,21.46199469428331,19.394031234552422,3.5957926560605316,3.5709572214973164,3.434520864810324,2.9145227607960873,2.8743250247663044,2.816963763382028,2.6757384974719405,2.4611441008552135
9984057,r2,48334,0.7224760435294806,catboost,no,30,10,0.10000000149011612,21.46199469428331,19.394031234552422,3.5957926560605316,3.5709572214973164,3.434520864810324,2.9145227607960873,2.8743250247663044,2.816963763382028,2.6757384974719405,2.4611441008552135
9984050,r2,30414,0.6347818674758781,catboost,no,30,10,0.10000000149011612,21.46199469428331,19.394031234552422,3.5957926560605316,3.5709572214973164,3.434520864810324,2.9145227607960873,2.8743250247663044,2.816963763382028,2.6757384974719405,2.4611441008552135
9984064,r2,30435,0.8988216394722034,catboost,no,30,10,0.10000000149011612,21.46199469428331,19.394031234552422,3.5957926560605316,3.5709572214973164,3.434520864810324,2.9145227607960873,2.8743250247663044,2.816963763382028,2.6757384974719405,2.4611441008552135
9984071,r2,30428,0.6939441381893423,catboost,no,30,10,0.10000000149011612,21.46199469428331,19.394031234552422,3.5957926560605316,3.5709572214973164,3.434520864810324,2.9145227607960873,2.8743250247663044,2.816963763382028,2.6757384974719405,2.4611441008552135
9984078,r2,48334,0.5565180248880732,catboost,no,30,10,0.10000000149011612,21.46199469428331,19.394031234552422,3.5957926560605316,3.5709572214973164,3.434520864810324,2.9145227607960873,2.8743250247663044,2.816963763382028,2.6757384974719405,2.4611441008552135
9984085,r2,30393,0.5428599560992662,catboost,no,30,10,0.10000000149011612,21.46199469428331,19.394031234552422,3.5957926560605316,3.5709572214973164,3.434520864810324,2.9145227607960873,2.8743250247663044,2.816963763382028,2.6757384974719405,2.4611441008552135
9984092,r2,30414,0.9093437864441974,catboost,no,30,10,0.10000000149011612,21.46199469428331,19.394031234552422,3.5957926560605316,3.5709572214973164,3.434520864810324,2.9145227607960873,2.8743250247663044,2.816963763382028,2.6757384974719405,2.4611441008552135
9984099,r2,30400,0.7188382829627737,catboost,no,30,10,0.10000000149011612,21.46199469428331,19.394031234552422,3.5957926560605316,3.5709572214973164,3.434520864810324,2.9145227607960873,2.8743250247663044,2.816963763382028,2.6757384974719405,2.4611441008552135
9984106,r2,30414,0.8599862469371412,catboost,no,30,10,0.10000000149011612,21.46199469428331,19.394031234552422,3.5957926560605316,3.5709572214973164,3.434520864810324,2.9145227607960873,2.8743250247663044,2.816963763382028,2.6757384974719405,2.4611441008552135
9984113,r2,30393,0.9122593493461499,catboost,no,30,10,0.10000000149011612,21.46199469428331,19.394031234552422,3.5957926560605316,3.5709572214973164,3.434520864810324,2.9145227607960873,2.8743250247663044,2.816963763382028,2.6757384974719405,2.4611441008552135
9984127,r2,30421,0.7447195642720419,catboost,no,30,10,0.10000000149011612,21.46199469428331,19.394031234552422,3.5957926560605316,3.5709572214973164,3.434520864810324,2.9145227607960873,2.8743250247663044,2.816963763382028,2.6757384974719405,2.4611441008552135
9984134,r2,30407,0.8353727106456482,catboost,no,30,10,0.10000000149011612,21.46199469428331,19.394031234552422,3.5957926560605316,3.5709572214973164,3.434520864810324,2.9145227607960873,2.8743250247663044,2.816963763382028,2.6757384974719405,2.4611441008552135
9984148,r2,48334,0.5830472644407784,catboost,no,30,10,0.10000000149011612,21.46199469428331,19.394031234552422,3.5957926560605316,3.5709572214973164,3.434520864810324,2.9145227607960873,2.8743250247663044,2.816963763382028,2.6757384974719405,2.4611441008552135
9984155,r2,30414,0.8423628591913429,catboost,no,30,10,0.10000000149011612,21.46199469428331,19.394031234552422,3.5957926560605316,3.5709572214973164,3.434520864810324,2.9145227607960873,2.8743250247663044,2.816963763382028,2.6757384974719405,2.4611441008552135
9984162,r2,36014,0.6127649302503301,catboost,no,30,10,0.10000000149011612,21.46199469428331,19.394031234552422,3.5957926560605316,3.5709572214973164,3.434520864810324,2.9145227607960873,2.8743250247663044,2.816963763382028,2.6757384974719405,2.4611441008552135
9984176,r2,30400,0.8916729662796545,catboost,no,30,10,0.10000000149011612,21.46199469428331,19.394031234552422,3.5957926560605316,3.5709572214973164,3.434520864810324,2.9145227607960873,2.8743250247663044,2.816963763382028,2.6757384974719405,2.4611441008552135
9984183,r2,30428,0.5703580986236096,catboost,no,30,10,0.10000000149011612,21.46199469428331,19.394031234552422,3.5957926560605316,3.5709572214973164,3.434520864810324,2.9145227607960873,2.8743250247663044,2.816963763382028,2.6757384974719405,2.4611441008552135
9984190,r2,36014,0.7060728363152098,catboost,no,30,10,0.10000000149011612,21.46199469428331,19.394031234552422,3.5957926560605316,3.5709572214973164,3.434520864810324,2.9145227607960873,2.8743250247663044,2.816963763382028,2.6757384974719405,2.4611441008552135
9984197,r2,30400,0.8169654796960115,catboost,no,30,10,0.10000000149011612,21.46199469428331,19.394031234552422,3.5957926560605316,3.5709572214973164,3.434520864810324,2.9145227607960873,2.8743250247663044,2.816963763382028,2.6757384974719405,2.4611441008552135
